DATE,TIME,実績(万kW)
2018/1/1,0:00,2962
2018/1/1,1:00,2797
2018/1/1,2:00,2669
2018/1/1,3:00,2586
2018/1/1,4:00,2543
2018/1/1,5:00,2570
2018/1/1,6:00,2712
2018/1/1,7:00,2880
2018/1/1,8:00,2860
2018/1/1,9:00,2842
2018/1/1,10:00,2778
2018/1/1,11:00,2638
2018/1/1,12:00,2541
2018/1/1,13:00,2475
2018/1/1,14:00,2458
2018/1/1,15:00,2495
2018/1/1,16:00,2725
2018/1/1,17:00,3033
2018/1/1,18:00,3116
2018/1/1,19:00,3128
2018/1/1,20:00,3132
2018/1/1,21:00,3094
2018/1/1,22:00,2972
2018/1/1,23:00,2833
2018/1/2,0:00,2625
2018/1/2,1:00,2495
2018/1/2,2:00,2434
2018/1/2,3:00,2394
2018/1/2,4:00,2382
2018/1/2,5:00,2436
2018/1/2,6:00,2603
2018/1/2,7:00,2805
2018/1/2,8:00,2967
2018/1/2,9:00,2939
2018/1/2,10:00,2828
2018/1/2,11:00,2718
2018/1/2,12:00,2643
2018/1/2,13:00,2588
2018/1/2,14:00,2570
2018/1/2,15:00,2619
2018/1/2,16:00,2859
2018/1/2,17:00,3181
2018/1/2,18:00,3272
2018/1/2,19:00,3287
2018/1/2,20:00,3283
2018/1/2,21:00,3220
2018/1/2,22:00,3084
2018/1/2,23:00,2936
2018/1/3,0:00,2727
2018/1/3,1:00,2581
2018/1/3,2:00,2495
2018/1/3,3:00,2447
2018/1/3,4:00,2433
2018/1/3,5:00,2487
2018/1/3,6:00,2667
2018/1/3,7:00,2893
2018/1/3,8:00,3119
2018/1/3,9:00,3145
2018/1/3,10:00,3060
2018/1/3,11:00,2964
2018/1/3,12:00,2899
2018/1/3,13:00,2848
2018/1/3,14:00,2839
2018/1/3,15:00,2898
2018/1/3,16:00,3174
2018/1/3,17:00,3533
2018/1/3,18:00,3625
2018/1/3,19:00,3630
2018/1/3,20:00,3602
2018/1/3,21:00,3500
2018/1/3,22:00,3293
2018/1/3,23:00,3093
2018/1/4,0:00,2843
2018/1/4,1:00,2697
2018/1/4,2:00,2624
2018/1/4,3:00,2578
2018/1/4,4:00,2597
2018/1/4,5:00,2746
2018/1/4,6:00,3103
2018/1/4,7:00,3432
2018/1/4,8:00,3679
2018/1/4,9:00,3684
2018/1/4,10:00,3552
2018/1/4,11:00,3454
2018/1/4,12:00,3348
2018/1/4,13:00,3314
2018/1/4,14:00,3289
2018/1/4,15:00,3341
2018/1/4,16:00,3605
2018/1/4,17:00,3919
2018/1/4,18:00,3982
2018/1/4,19:00,3958
2018/1/4,20:00,3908
2018/1/4,21:00,3762
2018/1/4,22:00,3534
2018/1/4,23:00,3293
2018/1/5,0:00,3006
2018/1/5,1:00,2834
2018/1/5,2:00,2753
2018/1/5,3:00,2690
2018/1/5,4:00,2706
2018/1/5,5:00,2885
2018/1/5,6:00,3336
2018/1/5,7:00,3762
2018/1/5,8:00,4186
2018/1/5,9:00,4415
2018/1/5,10:00,4346
2018/1/5,11:00,4307
2018/1/5,12:00,4170
2018/1/5,13:00,4163
2018/1/5,14:00,4132
2018/1/5,15:00,4123
2018/1/5,16:00,4297
2018/1/5,17:00,4412
2018/1/5,18:00,4354
2018/1/5,19:00,4254
2018/1/5,20:00,4138
2018/1/5,21:00,3979
2018/1/5,22:00,3790
2018/1/5,23:00,3580
2018/1/6,0:00,3293
2018/1/6,1:00,3120
2018/1/6,2:00,3006
2018/1/6,3:00,2940
2018/1/6,4:00,2932
2018/1/6,5:00,3033
2018/1/6,6:00,3343
2018/1/6,7:00,3664
2018/1/6,8:00,4018
2018/1/6,9:00,4068
2018/1/6,10:00,3898
2018/1/6,11:00,3726
2018/1/6,12:00,3551
2018/1/6,13:00,3511
2018/1/6,14:00,3479
2018/1/6,15:00,3489
2018/1/6,16:00,3698
2018/1/6,17:00,3987
2018/1/6,18:00,4030
2018/1/6,19:00,3982
2018/1/6,20:00,3907
2018/1/6,21:00,3748
2018/1/6,22:00,3552
2018/1/6,23:00,3362
2018/1/7,0:00,3109
2018/1/7,1:00,2962
2018/1/7,2:00,2859
2018/1/7,3:00,2792
2018/1/7,4:00,2771
2018/1/7,5:00,2827
2018/1/7,6:00,3009
2018/1/7,7:00,3235
2018/1/7,8:00,3436
2018/1/7,9:00,3474
2018/1/7,10:00,3369
2018/1/7,11:00,3260
2018/1/7,12:00,3164
2018/1/7,13:00,3103
2018/1/7,14:00,3057
2018/1/7,15:00,3101
2018/1/7,16:00,3348
2018/1/7,17:00,3724
2018/1/7,18:00,3823
2018/1/7,19:00,3804
2018/1/7,20:00,3735
2018/1/7,21:00,3611
2018/1/7,22:00,3401
2018/1/7,23:00,3208
2018/1/8,0:00,2965
2018/1/8,1:00,2828
2018/1/8,2:00,2748
2018/1/8,3:00,2691
2018/1/8,4:00,2688
2018/1/8,5:00,2768
2018/1/8,6:00,3025
2018/1/8,7:00,3344
2018/1/8,8:00,3758
2018/1/8,9:00,4053
2018/1/8,10:00,4059
2018/1/8,11:00,3949
2018/1/8,12:00,3732
2018/1/8,13:00,3902
2018/1/8,14:00,3848
2018/1/8,15:00,3889
2018/1/8,16:00,4054
2018/1/8,17:00,4205
2018/1/8,18:00,4206
2018/1/8,19:00,4107
2018/1/8,20:00,4011
2018/1/8,21:00,3832
2018/1/8,22:00,3589
2018/1/8,23:00,3327
2018/1/9,0:00,3036
2018/1/9,1:00,2888
2018/1/9,2:00,2817
2018/1/9,3:00,2774
2018/1/9,4:00,2801
2018/1/9,5:00,2988
2018/1/9,6:00,3434
2018/1/9,7:00,3816
2018/1/9,8:00,4187
2018/1/9,9:00,4352
2018/1/9,10:00,4247
2018/1/9,11:00,4060
2018/1/9,12:00,3755
2018/1/9,13:00,3803
2018/1/9,14:00,3747
2018/1/9,15:00,3757
2018/1/9,16:00,3970
2018/1/9,17:00,4202
2018/1/9,18:00,4210
2018/1/9,19:00,4118
2018/1/9,20:00,4009
2018/1/9,21:00,3858
2018/1/9,22:00,3671
2018/1/9,23:00,3428
2018/1/10,0:00,3138
2018/1/10,1:00,2999
2018/1/10,2:00,2942
2018/1/10,3:00,2919
2018/1/10,4:00,2948
2018/1/10,5:00,3157
2018/1/10,6:00,3647
2018/1/10,7:00,3969
2018/1/10,8:00,4188
2018/1/10,9:00,4242
2018/1/10,10:00,4104
2018/1/10,11:00,4003
2018/1/10,12:00,3788
2018/1/10,13:00,3884
2018/1/10,14:00,3882
2018/1/10,15:00,3902
2018/1/10,16:00,4116
2018/1/10,17:00,4359
2018/1/10,18:00,4349
2018/1/10,19:00,4260
2018/1/10,20:00,4140
2018/1/10,21:00,3959
2018/1/10,22:00,3754
2018/1/10,23:00,3512
2018/1/11,0:00,3213
2018/1/11,1:00,3073
2018/1/11,2:00,3015
2018/1/11,3:00,2986
2018/1/11,4:00,3025
2018/1/11,5:00,3246
2018/1/11,6:00,3746
2018/1/11,7:00,4084
2018/1/11,8:00,4295
2018/1/11,9:00,4343
2018/1/11,10:00,4205
2018/1/11,11:00,4098
2018/1/11,12:00,3867
2018/1/11,13:00,3942
2018/1/11,14:00,3938
2018/1/11,15:00,3983
2018/1/11,16:00,4251
2018/1/11,17:00,4560
2018/1/11,18:00,4588
2018/1/11,19:00,4493
2018/1/11,20:00,4380
2018/1/11,21:00,4219
2018/1/11,22:00,4008
2018/1/11,23:00,3755
2018/1/12,0:00,3450
2018/1/12,1:00,3281
2018/1/12,2:00,3193
2018/1/12,3:00,3146
2018/1/12,4:00,3188
2018/1/12,5:00,3429
2018/1/12,6:00,3980
2018/1/12,7:00,4400
2018/1/12,8:00,4628
2018/1/12,9:00,4654
2018/1/12,10:00,4476
2018/1/12,11:00,4324
2018/1/12,12:00,4087
2018/1/12,13:00,4167
2018/1/12,14:00,4155
2018/1/12,15:00,4185
2018/1/12,16:00,4407
2018/1/12,17:00,4666
2018/1/12,18:00,4659
2018/1/12,19:00,4556
2018/1/12,20:00,4437
2018/1/12,21:00,4272
2018/1/12,22:00,4087
2018/1/12,23:00,3867
2018/1/13,0:00,3583
2018/1/13,1:00,3404
2018/1/13,2:00,3284
2018/1/13,3:00,3216
2018/1/13,4:00,3187
2018/1/13,5:00,3287
2018/1/13,6:00,3594
2018/1/13,7:00,3923
2018/1/13,8:00,4213
2018/1/13,9:00,4272
2018/1/13,10:00,4100
2018/1/13,11:00,3932
2018/1/13,12:00,3743
2018/1/13,13:00,3697
2018/1/13,14:00,3651
2018/1/13,15:00,3656
2018/1/13,16:00,3868
2018/1/13,17:00,4202
2018/1/13,18:00,4267
2018/1/13,19:00,4232
2018/1/13,20:00,4168
2018/1/13,21:00,4007
2018/1/13,22:00,3775
2018/1/13,23:00,3581
2018/1/14,0:00,3311
2018/1/14,1:00,3145
2018/1/14,2:00,3041
2018/1/14,3:00,2968
2018/1/14,4:00,2931
2018/1/14,5:00,2996
2018/1/14,6:00,3204
2018/1/14,7:00,3456
2018/1/14,8:00,3647
2018/1/14,9:00,3684
2018/1/14,10:00,3575
2018/1/14,11:00,3458
2018/1/14,12:00,3370
2018/1/14,13:00,3289
2018/1/14,14:00,3254
2018/1/14,15:00,3311
2018/1/14,16:00,3558
2018/1/14,17:00,3997
2018/1/14,18:00,4142
2018/1/14,19:00,4147
2018/1/14,20:00,4114
2018/1/14,21:00,3966
2018/1/14,22:00,3721
2018/1/14,23:00,3491
2018/1/15,0:00,3222
2018/1/15,1:00,3075
2018/1/15,2:00,2993
2018/1/15,3:00,2973
2018/1/15,4:00,3030
2018/1/15,5:00,3291
2018/1/15,6:00,3866
2018/1/15,7:00,4292
2018/1/15,8:00,4579
2018/1/15,9:00,4676
2018/1/15,10:00,4576
2018/1/15,11:00,4451
2018/1/15,12:00,4176
2018/1/15,13:00,4173
2018/1/15,14:00,4064
2018/1/15,15:00,4060
2018/1/15,16:00,4272
2018/1/15,17:00,4553
2018/1/15,18:00,4575
2018/1/15,19:00,4481
2018/1/15,20:00,4363
2018/1/15,21:00,4195
2018/1/15,22:00,3975
2018/1/15,23:00,3710
2018/1/16,0:00,3399
2018/1/16,1:00,3225
2018/1/16,2:00,3138
2018/1/16,3:00,3101
2018/1/16,4:00,3135
2018/1/16,5:00,3354
2018/1/16,6:00,3859
2018/1/16,7:00,4205
2018/1/16,8:00,4413
2018/1/16,9:00,4441
2018/1/16,10:00,4276
2018/1/16,11:00,4159
2018/1/16,12:00,3903
2018/1/16,13:00,3930
2018/1/16,14:00,3831
2018/1/16,15:00,3812
2018/1/16,16:00,3997
2018/1/16,17:00,4274
2018/1/16,18:00,4298
2018/1/16,19:00,4203
2018/1/16,20:00,4092
2018/1/16,21:00,3926
2018/1/16,22:00,3734
2018/1/16,23:00,3493
2018/1/17,0:00,3211
2018/1/17,1:00,3054
2018/1/17,2:00,2975
2018/1/17,3:00,2931
2018/1/17,4:00,2946
2018/1/17,5:00,3124
2018/1/17,6:00,3549
2018/1/17,7:00,3895
2018/1/17,8:00,4233
2018/1/17,9:00,4463
2018/1/17,10:00,4457
2018/1/17,11:00,4400
2018/1/17,12:00,4193
2018/1/17,13:00,4276
2018/1/17,14:00,4265
2018/1/17,15:00,4278
2018/1/17,16:00,4455
2018/1/17,17:00,4502
2018/1/17,18:00,4417
2018/1/17,19:00,4279
2018/1/17,20:00,4118
2018/1/17,21:00,3903
2018/1/17,22:00,3678
2018/1/17,23:00,3388
2018/1/18,0:00,3098
2018/1/18,1:00,2952
2018/1/18,2:00,2899
2018/1/18,3:00,2873
2018/1/18,4:00,2921
2018/1/18,5:00,3116
2018/1/18,6:00,3563
2018/1/18,7:00,3842
2018/1/18,8:00,4088
2018/1/18,9:00,4187
2018/1/18,10:00,4096
2018/1/18,11:00,3985
2018/1/18,12:00,3737
2018/1/18,13:00,3868
2018/1/18,14:00,3861
2018/1/18,15:00,3825
2018/1/18,16:00,3973
2018/1/18,17:00,4188
2018/1/18,18:00,4180
2018/1/18,19:00,4073
2018/1/18,20:00,3947
2018/1/18,21:00,3785
2018/1/18,22:00,3609
2018/1/18,23:00,3355
2018/1/19,0:00,3082
2018/1/19,1:00,2951
2018/1/19,2:00,2891
2018/1/19,3:00,2861
2018/1/19,4:00,2898
2018/1/19,5:00,3097
2018/1/19,6:00,3536
2018/1/19,7:00,3838
2018/1/19,8:00,4114
2018/1/19,9:00,4245
2018/1/19,10:00,4161
2018/1/19,11:00,4064
2018/1/19,12:00,3857
2018/1/19,13:00,3948
2018/1/19,14:00,3912
2018/1/19,15:00,3929
2018/1/19,16:00,4096
2018/1/19,17:00,4269
2018/1/19,18:00,4227
2018/1/19,19:00,4108
2018/1/19,20:00,3967
2018/1/19,21:00,3801
2018/1/19,22:00,3637
2018/1/19,23:00,3394
2018/1/20,0:00,3131
2018/1/20,1:00,2977
2018/1/20,2:00,2902
2018/1/20,3:00,2856
2018/1/20,4:00,2854
2018/1/20,5:00,2932
2018/1/20,6:00,3142
2018/1/20,7:00,3435
2018/1/20,8:00,3822
2018/1/20,9:00,3979
2018/1/20,10:00,3887
2018/1/20,11:00,3783
2018/1/20,12:00,3607
2018/1/20,13:00,3570
2018/1/20,14:00,3512
2018/1/20,15:00,3483
2018/1/20,16:00,3609
2018/1/20,17:00,3896
2018/1/20,18:00,3956
2018/1/20,19:00,3913
2018/1/20,20:00,3843
2018/1/20,21:00,3680
2018/1/20,22:00,3492
2018/1/20,23:00,3300
2018/1/21,0:00,3078
2018/1/21,1:00,2942
2018/1/21,2:00,2855
2018/1/21,3:00,2813
2018/1/21,4:00,2793
2018/1/21,5:00,2860
2018/1/21,6:00,3034
2018/1/21,7:00,3257
2018/1/21,8:00,3465
2018/1/21,9:00,3515
2018/1/21,10:00,3401
2018/1/21,11:00,3297
2018/1/21,12:00,3213
2018/1/21,13:00,3127
2018/1/21,14:00,3078
2018/1/21,15:00,3070
2018/1/21,16:00,3251
2018/1/21,17:00,3655
2018/1/21,18:00,3802
2018/1/21,19:00,3802
2018/1/21,20:00,3751
2018/1/21,21:00,3606
2018/1/21,22:00,3387
2018/1/21,23:00,3172
2018/1/22,0:00,2960
2018/1/22,1:00,2853
2018/1/22,2:00,2792
2018/1/22,3:00,2777
2018/1/22,4:00,2820
2018/1/22,5:00,3056
2018/1/22,6:00,3574
2018/1/22,7:00,4041
2018/1/22,8:00,4522
2018/1/22,9:00,4821
2018/1/22,10:00,4877
2018/1/22,11:00,4903
2018/1/22,12:00,4793
2018/1/22,13:00,4989
2018/1/22,14:00,5034
2018/1/22,15:00,5010
2018/1/22,16:00,5076
2018/1/22,17:00,5101
2018/1/22,18:00,5009
2018/1/22,19:00,4857
2018/1/22,20:00,4722
2018/1/22,21:00,4511
2018/1/22,22:00,4233
2018/1/22,23:00,3927
2018/1/23,0:00,3597
2018/1/23,1:00,3407
2018/1/23,2:00,3303
2018/1/23,3:00,3252
2018/1/23,4:00,3297
2018/1/23,5:00,3540
2018/1/23,6:00,3994
2018/1/23,7:00,4307
2018/1/23,8:00,4556
2018/1/23,9:00,4641
2018/1/23,10:00,4508
2018/1/23,11:00,4369
2018/1/23,12:00,4097
2018/1/23,13:00,4129
2018/1/23,14:00,4113
2018/1/23,15:00,4157
2018/1/23,16:00,4364
2018/1/23,17:00,4632
2018/1/23,18:00,4611
2018/1/23,19:00,4508
2018/1/23,20:00,4414
2018/1/23,21:00,4261
2018/1/23,22:00,4034
2018/1/23,23:00,3779
2018/1/24,0:00,3489
2018/1/24,1:00,3330
2018/1/24,2:00,3249
2018/1/24,3:00,3195
2018/1/24,4:00,3234
2018/1/24,5:00,3479
2018/1/24,6:00,4007
2018/1/24,7:00,4364
2018/1/24,8:00,4496
2018/1/24,9:00,4444
2018/1/24,10:00,4237
2018/1/24,11:00,4151
2018/1/24,12:00,3942
2018/1/24,13:00,4082
2018/1/24,14:00,4168
2018/1/24,15:00,4311
2018/1/24,16:00,4603
2018/1/24,17:00,4885
2018/1/24,18:00,4927
2018/1/24,19:00,4861
2018/1/24,20:00,4775
2018/1/24,21:00,4616
2018/1/24,22:00,4374
2018/1/24,23:00,4104
2018/1/25,0:00,3779
2018/1/25,1:00,3583
2018/1/25,2:00,3474
2018/1/25,3:00,3420
2018/1/25,4:00,3461
2018/1/25,5:00,3720
2018/1/25,6:00,4270
2018/1/25,7:00,4631
2018/1/25,8:00,4778
2018/1/25,9:00,4795
2018/1/25,10:00,4628
2018/1/25,11:00,4478
2018/1/25,12:00,4227
2018/1/25,13:00,4295
2018/1/25,14:00,4319
2018/1/25,15:00,4420
2018/1/25,16:00,4725
2018/1/25,17:00,5060
2018/1/25,18:00,5110
2018/1/25,19:00,5015
2018/1/25,20:00,4898
2018/1/25,21:00,4721
2018/1/25,22:00,4462
2018/1/25,23:00,4184
2018/1/26,0:00,3847
2018/1/26,1:00,3623
2018/1/26,2:00,3504
2018/1/26,3:00,3449
2018/1/26,4:00,3477
2018/1/26,5:00,3737
2018/1/26,6:00,4279
2018/1/26,7:00,4633
2018/1/26,8:00,4787
2018/1/26,9:00,4773
2018/1/26,10:00,4583
2018/1/26,11:00,4450
2018/1/26,12:00,4217
2018/1/26,13:00,4331
2018/1/26,14:00,4389
2018/1/26,15:00,4501
2018/1/26,16:00,4807
2018/1/26,17:00,5097
2018/1/26,18:00,5124
2018/1/26,19:00,5013
2018/1/26,20:00,4892
2018/1/26,21:00,4701
2018/1/26,22:00,4476
2018/1/26,23:00,4216
2018/1/27,0:00,3887
2018/1/27,1:00,3660
2018/1/27,2:00,3500
2018/1/27,3:00,3400
2018/1/27,4:00,3377
2018/1/27,5:00,3486
2018/1/27,6:00,3807
2018/1/27,7:00,4125
2018/1/27,8:00,4393
2018/1/27,9:00,4434
2018/1/27,10:00,4268
2018/1/27,11:00,4096
2018/1/27,12:00,3904
2018/1/27,13:00,3847
2018/1/27,14:00,3789
2018/1/27,15:00,3809
2018/1/27,16:00,4028
2018/1/27,17:00,4415
2018/1/27,18:00,4535
2018/1/27,19:00,4496
2018/1/27,20:00,4432
2018/1/27,21:00,4269
2018/1/27,22:00,4036
2018/1/27,23:00,3825
2018/1/28,0:00,3544
2018/1/28,1:00,3359
2018/1/28,2:00,3236
2018/1/28,3:00,3155
2018/1/28,4:00,3118
2018/1/28,5:00,3191
2018/1/28,6:00,3422
2018/1/28,7:00,3680
2018/1/28,8:00,3979
2018/1/28,9:00,4142
2018/1/28,10:00,4189
2018/1/28,11:00,4103
2018/1/28,12:00,4000
2018/1/28,13:00,3872
2018/1/28,14:00,3807
2018/1/28,15:00,3760
2018/1/28,16:00,3901
2018/1/28,17:00,4312
2018/1/28,18:00,4462
2018/1/28,19:00,4450
2018/1/28,20:00,4399
2018/1/28,21:00,4242
2018/1/28,22:00,3965
2018/1/28,23:00,3713
2018/1/29,0:00,3416
2018/1/29,1:00,3241
2018/1/29,2:00,3154
2018/1/29,3:00,3115
2018/1/29,4:00,3168
2018/1/29,5:00,3447
2018/1/29,6:00,4022
2018/1/29,7:00,4410
2018/1/29,8:00,4678
2018/1/29,9:00,4767
2018/1/29,10:00,4569
2018/1/29,11:00,4417
2018/1/29,12:00,4147
2018/1/29,13:00,4223
2018/1/29,14:00,4164
2018/1/29,15:00,4162
2018/1/29,16:00,4348
2018/1/29,17:00,4654
2018/1/29,18:00,4697
2018/1/29,19:00,4582
2018/1/29,20:00,4445
2018/1/29,21:00,4277
2018/1/29,22:00,4052
2018/1/29,23:00,3786
2018/1/30,0:00,3493
2018/1/30,1:00,3323
2018/1/30,2:00,3241
2018/1/30,3:00,3199
2018/1/30,4:00,3243
2018/1/30,5:00,3476
2018/1/30,6:00,3995
2018/1/30,7:00,4366
2018/1/30,8:00,4672
2018/1/30,9:00,4794
2018/1/30,10:00,4672
2018/1/30,11:00,4520
2018/1/30,12:00,4241
2018/1/30,13:00,4311
2018/1/30,14:00,4269
2018/1/30,15:00,4275
2018/1/30,16:00,4492
2018/1/30,17:00,4769
2018/1/30,18:00,4794
2018/1/30,19:00,4697
2018/1/30,20:00,4578
2018/1/30,21:00,4405
2018/1/30,22:00,4178
2018/1/30,23:00,3907
2018/1/31,0:00,3589
2018/1/31,1:00,3400
2018/1/31,2:00,3311
2018/1/31,3:00,3269
2018/1/31,4:00,3307
2018/1/31,5:00,3542
2018/1/31,6:00,4077
2018/1/31,7:00,4446
2018/1/31,8:00,4660
2018/1/31,9:00,4683
2018/1/31,10:00,4486
2018/1/31,11:00,4329
2018/1/31,12:00,4057
2018/1/31,13:00,4123
2018/1/31,14:00,4099
2018/1/31,15:00,4105
2018/1/31,16:00,4282
2018/1/31,17:00,4563
2018/1/31,18:00,4610
2018/1/31,19:00,4534
2018/1/31,20:00,4436
2018/1/31,21:00,4285
2018/1/31,22:00,4075
2018/1/31,23:00,3818
2018/2/1,0:00,3494
2018/2/1,1:00,3296
2018/2/1,2:00,3187
2018/2/1,3:00,3129
2018/2/1,4:00,3142
2018/2/1,5:00,3365
2018/2/1,6:00,3887
2018/2/1,7:00,4245
2018/2/1,8:00,4554
2018/2/1,9:00,4733
2018/2/1,10:00,4654
2018/2/1,11:00,4610
2018/2/1,12:00,4474
2018/2/1,13:00,4656
2018/2/1,14:00,4677
2018/2/1,15:00,4693
2018/2/1,16:00,4858
2018/2/1,17:00,4978
2018/2/1,18:00,4936
2018/2/1,19:00,4818
2018/2/1,20:00,4702
2018/2/1,21:00,4537
2018/2/1,22:00,4305
2018/2/1,23:00,4019
2018/2/2,0:00,3692
2018/2/2,1:00,3501
2018/2/2,2:00,3393
2018/2/2,3:00,3346
2018/2/2,4:00,3383
2018/2/2,5:00,3631
2018/2/2,6:00,4111
2018/2/2,7:00,4540
2018/2/2,8:00,5011
2018/2/2,9:00,5263
2018/2/2,10:00,5266
2018/2/2,11:00,5192
2018/2/2,12:00,4946
2018/2/2,13:00,4961
2018/2/2,14:00,4860
2018/2/2,15:00,4789
2018/2/2,16:00,4871
2018/2/2,17:00,4972
2018/2/2,18:00,4898
2018/2/2,19:00,4741
2018/2/2,20:00,4578
2018/2/2,21:00,4376
2018/2/2,22:00,4143
2018/2/2,23:00,3879
2018/2/3,0:00,3604
2018/2/3,1:00,3400
2018/2/3,2:00,3268
2018/2/3,3:00,3192
2018/2/3,4:00,3167
2018/2/3,5:00,3248
2018/2/3,6:00,3507
2018/2/3,7:00,3806
2018/2/3,8:00,4180
2018/2/3,9:00,4279
2018/2/3,10:00,4164
2018/2/3,11:00,4076
2018/2/3,12:00,3930
2018/2/3,13:00,3861
2018/2/3,14:00,3766
2018/2/3,15:00,3703
2018/2/3,16:00,3809
2018/2/3,17:00,4145
2018/2/3,18:00,4249
2018/2/3,19:00,4205
2018/2/3,20:00,4130
2018/2/3,21:00,3950
2018/2/3,22:00,3717
2018/2/3,23:00,3516
2018/2/4,0:00,3264
2018/2/4,1:00,3096
2018/2/4,2:00,2981
2018/2/4,3:00,2908
2018/2/4,4:00,2888
2018/2/4,5:00,2939
2018/2/4,6:00,3123
2018/2/4,7:00,3370
2018/2/4,8:00,3638
2018/2/4,9:00,3749
2018/2/4,10:00,3648
2018/2/4,11:00,3485
2018/2/4,12:00,3400
2018/2/4,13:00,3332
2018/2/4,14:00,3279
2018/2/4,15:00,3324
2018/2/4,16:00,3542
2018/2/4,17:00,3965
2018/2/4,18:00,4118
2018/2/4,19:00,4122
2018/2/4,20:00,4076
2018/2/4,21:00,3937
2018/2/4,22:00,3691
2018/2/4,23:00,3463
2018/2/5,0:00,3209
2018/2/5,1:00,3077
2018/2/5,2:00,3012
2018/2/5,3:00,2986
2018/2/5,4:00,3044
2018/2/5,5:00,3321
2018/2/5,6:00,3883
2018/2/5,7:00,4255
2018/2/5,8:00,4531
2018/2/5,9:00,4633
2018/2/5,10:00,4498
2018/2/5,11:00,4378
2018/2/5,12:00,4164
2018/2/5,13:00,4241
2018/2/5,14:00,4198
2018/2/5,15:00,4203
2018/2/5,16:00,4341
2018/2/5,17:00,4624
2018/2/5,18:00,4690
2018/2/5,19:00,4590
2018/2/5,20:00,4480
2018/2/5,21:00,4317
2018/2/5,22:00,4095
2018/2/5,23:00,3834
2018/2/6,0:00,3550
2018/2/6,1:00,3379
2018/2/6,2:00,3289
2018/2/6,3:00,3242
2018/2/6,4:00,3297
2018/2/6,5:00,3540
2018/2/6,6:00,4060
2018/2/6,7:00,4365
2018/2/6,8:00,4555
2018/2/6,9:00,4610
2018/2/6,10:00,4465
2018/2/6,11:00,4345
2018/2/6,12:00,4102
2018/2/6,13:00,4174
2018/2/6,14:00,4124
2018/2/6,15:00,4129
2018/2/6,16:00,4314
2018/2/6,17:00,4632
2018/2/6,18:00,4722
2018/2/6,19:00,4637
2018/2/6,20:00,4529
2018/2/6,21:00,4362
2018/2/6,22:00,4141
2018/2/6,23:00,3882
2018/2/7,0:00,3581
2018/2/7,1:00,3400
2018/2/7,2:00,3307
2018/2/7,3:00,3268
2018/2/7,4:00,3307
2018/2/7,5:00,3547
2018/2/7,6:00,4075
2018/2/7,7:00,4397
2018/2/7,8:00,4574
2018/2/7,9:00,4614
2018/2/7,10:00,4447
2018/2/7,11:00,4307
2018/2/7,12:00,4046
2018/2/7,13:00,4122
2018/2/7,14:00,4086
2018/2/7,15:00,4102
2018/2/7,16:00,4276
2018/2/7,17:00,4559
2018/2/7,18:00,4652
2018/2/7,19:00,4587
2018/2/7,20:00,4490
2018/2/7,21:00,4329
2018/2/7,22:00,4115
2018/2/7,23:00,3854
2018/2/8,0:00,3561
2018/2/8,1:00,3384
2018/2/8,2:00,3290
2018/2/8,3:00,3239
2018/2/8,4:00,3275
2018/2/8,5:00,3527
2018/2/8,6:00,4066
2018/2/8,7:00,4396
2018/2/8,8:00,4597
2018/2/8,9:00,4640
2018/2/8,10:00,4465
2018/2/8,11:00,4313
2018/2/8,12:00,4065
2018/2/8,13:00,4160
2018/2/8,14:00,4135
2018/2/8,15:00,4152
2018/2/8,16:00,4326
2018/2/8,17:00,4615
2018/2/8,18:00,4716
2018/2/8,19:00,4643
2018/2/8,20:00,4532
2018/2/8,21:00,4365
2018/2/8,22:00,4152
2018/2/8,23:00,3893
2018/2/9,0:00,3581
2018/2/9,1:00,3405
2018/2/9,2:00,3306
2018/2/9,3:00,3261
2018/2/9,4:00,3301
2018/2/9,5:00,3546
2018/2/9,6:00,4088
2018/2/9,7:00,4399
2018/2/9,8:00,4602
2018/2/9,9:00,4655
2018/2/9,10:00,4482
2018/2/9,11:00,4328
2018/2/9,12:00,4052
2018/2/9,13:00,4100
2018/2/9,14:00,4043
2018/2/9,15:00,4053
2018/2/9,16:00,4164
2018/2/9,17:00,4441
2018/2/9,18:00,4527
2018/2/9,19:00,4452
2018/2/9,20:00,4353
2018/2/9,21:00,4199
2018/2/9,22:00,4032
2018/2/9,23:00,3820
2018/2/10,0:00,3550
2018/2/10,1:00,3366
2018/2/10,2:00,3243
2018/2/10,3:00,3154
2018/2/10,4:00,3141
2018/2/10,5:00,3244
2018/2/10,6:00,3500
2018/2/10,7:00,3765
2018/2/10,8:00,4051
2018/2/10,9:00,4117
2018/2/10,10:00,4056
2018/2/10,11:00,3920
2018/2/10,12:00,3741
2018/2/10,13:00,3687
2018/2/10,14:00,3514
2018/2/10,15:00,3516
2018/2/10,16:00,3653
2018/2/10,17:00,3890
2018/2/10,18:00,3954
2018/2/10,19:00,3884
2018/2/10,20:00,3790
2018/2/10,21:00,3635
2018/2/10,22:00,3446
2018/2/10,23:00,3236
2018/2/11,0:00,2986
2018/2/11,1:00,2835
2018/2/11,2:00,2759
2018/2/11,3:00,2721
2018/2/11,4:00,2714
2018/2/11,5:00,2761
2018/2/11,6:00,2892
2018/2/11,7:00,3088
2018/2/11,8:00,3286
2018/2/11,9:00,3315
2018/2/11,10:00,3254
2018/2/11,11:00,3177
2018/2/11,12:00,3106
2018/2/11,13:00,3051
2018/2/11,14:00,3005
2018/2/11,15:00,3025
2018/2/11,16:00,3147
2018/2/11,17:00,3511
2018/2/11,18:00,3693
2018/2/11,19:00,3721
2018/2/11,20:00,3699
2018/2/11,21:00,3590
2018/2/11,22:00,3417
2018/2/11,23:00,3260
2018/2/12,0:00,3051
2018/2/12,1:00,2936
2018/2/12,2:00,2879
2018/2/12,3:00,2842
2018/2/12,4:00,2854
2018/2/12,5:00,2961
2018/2/12,6:00,3237
2018/2/12,7:00,3491
2018/2/12,8:00,3734
2018/2/12,9:00,3848
2018/2/12,10:00,3786
2018/2/12,11:00,3718
2018/2/12,12:00,3589
2018/2/12,13:00,3566
2018/2/12,14:00,3520
2018/2/12,15:00,3537
2018/2/12,16:00,3707
2018/2/12,17:00,4092
2018/2/12,18:00,4279
2018/2/12,19:00,4249
2018/2/12,20:00,4205
2018/2/12,21:00,4050
2018/2/12,22:00,3843
2018/2/12,23:00,3640
2018/2/13,0:00,3357
2018/2/13,1:00,3211
2018/2/13,2:00,3144
2018/2/13,3:00,3110
2018/2/13,4:00,3159
2018/2/13,5:00,3398
2018/2/13,6:00,3902
2018/2/13,7:00,4196
2018/2/13,8:00,4400
2018/2/13,9:00,4454
2018/2/13,10:00,4336
2018/2/13,11:00,4244
2018/2/13,12:00,4024
2018/2/13,13:00,4119
2018/2/13,14:00,4084
2018/2/13,15:00,4051
2018/2/13,16:00,4183
2018/2/13,17:00,4457
2018/2/13,18:00,4571
2018/2/13,19:00,4499
2018/2/13,20:00,4397
2018/2/13,21:00,4244
2018/2/13,22:00,4023
2018/2/13,23:00,3775
2018/2/14,0:00,3480
2018/2/14,1:00,3305
2018/2/14,2:00,3214
2018/2/14,3:00,3163
2018/2/14,4:00,3201
2018/2/14,5:00,3433
2018/2/14,6:00,3957
2018/2/14,7:00,4232
2018/2/14,8:00,4404
2018/2/14,9:00,4434
2018/2/14,10:00,4291
2018/2/14,11:00,4156
2018/2/14,12:00,3900
2018/2/14,13:00,3972
2018/2/14,14:00,3919
2018/2/14,15:00,3884
2018/2/14,16:00,4005
2018/2/14,17:00,4277
2018/2/14,18:00,4375
2018/2/14,19:00,4299
2018/2/14,20:00,4175
2018/2/14,21:00,3994
2018/2/14,22:00,3773
2018/2/14,23:00,3504
2018/2/15,0:00,3216
2018/2/15,1:00,3058
2018/2/15,2:00,2982
2018/2/15,3:00,2924
2018/2/15,4:00,2939
2018/2/15,5:00,3115
2018/2/15,6:00,3521
2018/2/15,7:00,3788
2018/2/15,8:00,4018
2018/2/15,9:00,4166
2018/2/15,10:00,4057
2018/2/15,11:00,3894
2018/2/15,12:00,3625
2018/2/15,13:00,3718
2018/2/15,14:00,3702
2018/2/15,15:00,3674
2018/2/15,16:00,3775
2018/2/15,17:00,4032
2018/2/15,18:00,4129
2018/2/15,19:00,4060
2018/2/15,20:00,3954
2018/2/15,21:00,3806
2018/2/15,22:00,3644
2018/2/15,23:00,3437
2018/2/16,0:00,3188
2018/2/16,1:00,3060
2018/2/16,2:00,3000
2018/2/16,3:00,2974
2018/2/16,4:00,3002
2018/2/16,5:00,3209
2018/2/16,6:00,3660
2018/2/16,7:00,3942
2018/2/16,8:00,4194
2018/2/16,9:00,4320
2018/2/16,10:00,4217
2018/2/16,11:00,4130
2018/2/16,12:00,3899
2018/2/16,13:00,4009
2018/2/16,14:00,3961
2018/2/16,15:00,3931
2018/2/16,16:00,4032
2018/2/16,17:00,4254
2018/2/16,18:00,4299
2018/2/16,19:00,4176
2018/2/16,20:00,4036
2018/2/16,21:00,3868
2018/2/16,22:00,3680
2018/2/16,23:00,3428
2018/2/17,0:00,3161
2018/2/17,1:00,3005
2018/2/17,2:00,2926
2018/2/17,3:00,2884
2018/2/17,4:00,2893
2018/2/17,5:00,2981
2018/2/17,6:00,3204
2018/2/17,7:00,3393
2018/2/17,8:00,3621
2018/2/17,9:00,3697
2018/2/17,10:00,3635
2018/2/17,11:00,3578
2018/2/17,12:00,3444
2018/2/17,13:00,3479
2018/2/17,14:00,3456
2018/2/17,15:00,3463
2018/2/17,16:00,3592
2018/2/17,17:00,3920
2018/2/17,18:00,4118
2018/2/17,19:00,4106
2018/2/17,20:00,4065
2018/2/17,21:00,3931
2018/2/17,22:00,3757
2018/2/17,23:00,3587
2018/2/18,0:00,3353
2018/2/18,1:00,3195
2018/2/18,2:00,3083
2018/2/18,3:00,3004
2018/2/18,4:00,2971
2018/2/18,5:00,3019
2018/2/18,6:00,3210
2018/2/18,7:00,3396
2018/2/18,8:00,3589
2018/2/18,9:00,3665
2018/2/18,10:00,3584
2018/2/18,11:00,3464
2018/2/18,12:00,3355
2018/2/18,13:00,3268
2018/2/18,14:00,3207
2018/2/18,15:00,3231
2018/2/18,16:00,3416
2018/2/18,17:00,3869
2018/2/18,18:00,4117
2018/2/18,19:00,4122
2018/2/18,20:00,4079
2018/2/18,21:00,3924
2018/2/18,22:00,3690
2018/2/18,23:00,3451
2018/2/19,0:00,3201
2018/2/19,1:00,3059
2018/2/19,2:00,2973
2018/2/19,3:00,2922
2018/2/19,4:00,2954
2018/2/19,5:00,3191
2018/2/19,6:00,3725
2018/2/19,7:00,4115
2018/2/19,8:00,4389
2018/2/19,9:00,4482
2018/2/19,10:00,4372
2018/2/19,11:00,4201
2018/2/19,12:00,3908
2018/2/19,13:00,3974
2018/2/19,14:00,3932
2018/2/19,15:00,3932
2018/2/19,16:00,4065
2018/2/19,17:00,4322
2018/2/19,18:00,4392
2018/2/19,19:00,4284
2018/2/19,20:00,4146
2018/2/19,21:00,3964
2018/2/19,22:00,3755
2018/2/19,23:00,3467
2018/2/20,0:00,3172
2018/2/20,1:00,3027
2018/2/20,2:00,2961
2018/2/20,3:00,2931
2018/2/20,4:00,2988
2018/2/20,5:00,3211
2018/2/20,6:00,3674
2018/2/20,7:00,3936
2018/2/20,8:00,4106
2018/2/20,9:00,4169
2018/2/20,10:00,4057
2018/2/20,11:00,3958
2018/2/20,12:00,3716
2018/2/20,13:00,3813
2018/2/20,14:00,3769
2018/2/20,15:00,3754
2018/2/20,16:00,3856
2018/2/20,17:00,4105
2018/2/20,18:00,4228
2018/2/20,19:00,4153
2018/2/20,20:00,4037
2018/2/20,21:00,3882
2018/2/20,22:00,3697
2018/2/20,23:00,3444
2018/2/21,0:00,3189
2018/2/21,1:00,3054
2018/2/21,2:00,2993
2018/2/21,3:00,2955
2018/2/21,4:00,2981
2018/2/21,5:00,3174
2018/2/21,6:00,3624
2018/2/21,7:00,3985
2018/2/21,8:00,4317
2018/2/21,9:00,4501
2018/2/21,10:00,4421
2018/2/21,11:00,4357
2018/2/21,12:00,4115
2018/2/21,13:00,4185
2018/2/21,14:00,4125
2018/2/21,15:00,4081
2018/2/21,16:00,4171
2018/2/21,17:00,4397
2018/2/21,18:00,4465
2018/2/21,19:00,4379
2018/2/21,20:00,4245
2018/2/21,21:00,4074
2018/2/21,22:00,3873
2018/2/21,23:00,3588
2018/2/22,0:00,3279
2018/2/22,1:00,3119
2018/2/22,2:00,3046
2018/2/22,3:00,3007
2018/2/22,4:00,3045
2018/2/22,5:00,3260
2018/2/22,6:00,3734
2018/2/22,7:00,4160
2018/2/22,8:00,4562
2018/2/22,9:00,4784
2018/2/22,10:00,4782
2018/2/22,11:00,4702
2018/2/22,12:00,4463
2018/2/22,13:00,4563
2018/2/22,14:00,4540
2018/2/22,15:00,4552
2018/2/22,16:00,4682
2018/2/22,17:00,4810
2018/2/22,18:00,4800
2018/2/22,19:00,4659
2018/2/22,20:00,4514
2018/2/22,21:00,4302
2018/2/22,22:00,4047
2018/2/22,23:00,3771
2018/2/23,0:00,3462
2018/2/23,1:00,3290
2018/2/23,2:00,3194
2018/2/23,3:00,3137
2018/2/23,4:00,3178
2018/2/23,5:00,3392
2018/2/23,6:00,3852
2018/2/23,7:00,4243
2018/2/23,8:00,4617
2018/2/23,9:00,4795
2018/2/23,10:00,4678
2018/2/23,11:00,4467
2018/2/23,12:00,4140
2018/2/23,13:00,4204
2018/2/23,14:00,4120
2018/2/23,15:00,4041
2018/2/23,16:00,4099
2018/2/23,17:00,4309
2018/2/23,18:00,4431
2018/2/23,19:00,4366
2018/2/23,20:00,4259
2018/2/23,21:00,4111
2018/2/23,22:00,3963
2018/2/23,23:00,3763
2018/2/24,0:00,3494
2018/2/24,1:00,3318
2018/2/24,2:00,3208
2018/2/24,3:00,3129
2018/2/24,4:00,3123
2018/2/24,5:00,3213
2018/2/24,6:00,3445
2018/2/24,7:00,3654
2018/2/24,8:00,3884
2018/2/24,9:00,3940
2018/2/24,10:00,3827
2018/2/24,11:00,3673
2018/2/24,12:00,3489
2018/2/24,13:00,3447
2018/2/24,14:00,3368
2018/2/24,15:00,3305
2018/2/24,16:00,3344
2018/2/24,17:00,3610
2018/2/24,18:00,3804
2018/2/24,19:00,3800
2018/2/24,20:00,3753
2018/2/24,21:00,3615
2018/2/24,22:00,3448
2018/2/24,23:00,3282
2018/2/25,0:00,3047
2018/2/25,1:00,2919
2018/2/25,2:00,2856
2018/2/25,3:00,2823
2018/2/25,4:00,2809
2018/2/25,5:00,2851
2018/2/25,6:00,2998
2018/2/25,7:00,3220
2018/2/25,8:00,3503
2018/2/25,9:00,3704
2018/2/25,10:00,3697
2018/2/25,11:00,3606
2018/2/25,12:00,3491
2018/2/25,13:00,3420
2018/2/25,14:00,3381
2018/2/25,15:00,3411
2018/2/25,16:00,3533
2018/2/25,17:00,3853
2018/2/25,18:00,4017
2018/2/25,19:00,3998
2018/2/25,20:00,3928
2018/2/25,21:00,3759
2018/2/25,22:00,3499
2018/2/25,23:00,3251
2018/2/26,0:00,2992
2018/2/26,1:00,2858
2018/2/26,2:00,2796
2018/2/26,3:00,2780
2018/2/26,4:00,2824
2018/2/26,5:00,3051
2018/2/26,6:00,3524
2018/2/26,7:00,3941
2018/2/26,8:00,4317
2018/2/26,9:00,4483
2018/2/26,10:00,4346
2018/2/26,11:00,4187
2018/2/26,12:00,3900
2018/2/26,13:00,3963
2018/2/26,14:00,3922
2018/2/26,15:00,3882
2018/2/26,16:00,3994
2018/2/26,17:00,4246
2018/2/26,18:00,4391
2018/2/26,19:00,4315
2018/2/26,20:00,4202
2018/2/26,21:00,4015
2018/2/26,22:00,3803
2018/2/26,23:00,3520
2018/2/27,0:00,3218
2018/2/27,1:00,3058
2018/2/27,2:00,2979
2018/2/27,3:00,2952
2018/2/27,4:00,2990
2018/2/27,5:00,3196
2018/2/27,6:00,3632
2018/2/27,7:00,3935
2018/2/27,8:00,4174
2018/2/27,9:00,4227
2018/2/27,10:00,4124
2018/2/27,11:00,4024
2018/2/27,12:00,3744
2018/2/27,13:00,3824
2018/2/27,14:00,3791
2018/2/27,15:00,3780
2018/2/27,16:00,3843
2018/2/27,17:00,4040
2018/2/27,18:00,4152
2018/2/27,19:00,4066
2018/2/27,20:00,3951
2018/2/27,21:00,3803
2018/2/27,22:00,3640
2018/2/27,23:00,3410
2018/2/28,0:00,3149
2018/2/28,1:00,3021
2018/2/28,2:00,2958
2018/2/28,3:00,2927
2018/2/28,4:00,2970
2018/2/28,5:00,3171
2018/2/28,6:00,3575
2018/2/28,7:00,3792
2018/2/28,8:00,3972
2018/2/28,9:00,4104
2018/2/28,10:00,4025
2018/2/28,11:00,3879
2018/2/28,12:00,3727
2018/2/28,13:00,3753
2018/2/28,14:00,3666
2018/2/28,15:00,3727
2018/2/28,16:00,3777
2018/2/28,17:00,3985
2018/2/28,18:00,4067
2018/2/28,19:00,3986
2018/2/28,20:00,3871
2018/2/28,21:00,3710
2018/2/28,22:00,3514
2018/2/28,23:00,3258
2018/3/1,0:00,3004
2018/3/1,1:00,2889
2018/3/1,2:00,2842
2018/3/1,3:00,2816
2018/3/1,4:00,2854
2018/3/1,5:00,3001
2018/3/1,6:00,3347
2018/3/1,7:00,3657
2018/3/1,8:00,3875
2018/3/1,9:00,3891
2018/3/1,10:00,3773
2018/3/1,11:00,3692
2018/3/1,12:00,3456
2018/3/1,13:00,3517
2018/3/1,14:00,3461
2018/3/1,15:00,3429
2018/3/1,16:00,3469
2018/3/1,17:00,3624
2018/3/1,18:00,3750
2018/3/1,19:00,3679
2018/3/1,20:00,3584
2018/3/1,21:00,3449
2018/3/1,22:00,3320
2018/3/1,23:00,3116
2018/3/2,0:00,2893
2018/3/2,1:00,2799
2018/3/2,2:00,2767
2018/3/2,3:00,2763
2018/3/2,4:00,2816
2018/3/2,5:00,2991
2018/3/2,6:00,3318
2018/3/2,7:00,3463
2018/3/2,8:00,3626
2018/3/2,9:00,3760
2018/3/2,10:00,3742
2018/3/2,11:00,3706
2018/3/2,12:00,3498
2018/3/2,13:00,3579
2018/3/2,14:00,3530
2018/3/2,15:00,3493
2018/3/2,16:00,3564
2018/3/2,17:00,3738
2018/3/2,18:00,3910
2018/3/2,19:00,3866
2018/3/2,20:00,3778
2018/3/2,21:00,3655
2018/3/2,22:00,3528
2018/3/2,23:00,3345
2018/3/3,0:00,3109
2018/3/3,1:00,2997
2018/3/3,2:00,2929
2018/3/3,3:00,2879
2018/3/3,4:00,2870
2018/3/3,5:00,2944
2018/3/3,6:00,3115
2018/3/3,7:00,3231
2018/3/3,8:00,3397
2018/3/3,9:00,3469
2018/3/3,10:00,3398
2018/3/3,11:00,3315
2018/3/3,12:00,3173
2018/3/3,13:00,3184
2018/3/3,14:00,3142
2018/3/3,15:00,3114
2018/3/3,16:00,3133
2018/3/3,17:00,3377
2018/3/3,18:00,3516
2018/3/3,19:00,3479
2018/3/3,20:00,3397
2018/3/3,21:00,3257
2018/3/3,22:00,3091
2018/3/3,23:00,2917
2018/3/4,0:00,2726
2018/3/4,1:00,2640
2018/3/4,2:00,2616
2018/3/4,3:00,2582
2018/3/4,4:00,2583
2018/3/4,5:00,2632
2018/3/4,6:00,2701
2018/3/4,7:00,2760
2018/3/4,8:00,2885
2018/3/4,9:00,2945
2018/3/4,10:00,2912
2018/3/4,11:00,2862
2018/3/4,12:00,2801
2018/3/4,13:00,2780
2018/3/4,14:00,2731
2018/3/4,15:00,2716
2018/3/4,16:00,2767
2018/3/4,17:00,2987
2018/3/4,18:00,3200
2018/3/4,19:00,3190
2018/3/4,20:00,3119
2018/3/4,21:00,2998
2018/3/4,22:00,2825
2018/3/4,23:00,2649
2018/3/5,0:00,2488
2018/3/5,1:00,2437
2018/3/5,2:00,2430
2018/3/5,3:00,2426
2018/3/5,4:00,2466
2018/3/5,5:00,2586
2018/3/5,6:00,2843
2018/3/5,7:00,3114
2018/3/5,8:00,3411
2018/3/5,9:00,3596
2018/3/5,10:00,3655
2018/3/5,11:00,3660
2018/3/5,12:00,3516
2018/3/5,13:00,3675
2018/3/5,14:00,3668
2018/3/5,15:00,3615
2018/3/5,16:00,3682
2018/3/5,17:00,3735
2018/3/5,18:00,3711
2018/3/5,19:00,3564
2018/3/5,20:00,3411
2018/3/5,21:00,3259
2018/3/5,22:00,3127
2018/3/5,23:00,2936
2018/3/6,0:00,2737
2018/3/6,1:00,2638
2018/3/6,2:00,2627
2018/3/6,3:00,2632
2018/3/6,4:00,2663
2018/3/6,5:00,2800
2018/3/6,6:00,3113
2018/3/6,7:00,3400
2018/3/6,8:00,3674
2018/3/6,9:00,3817
2018/3/6,10:00,3756
2018/3/6,11:00,3666
2018/3/6,12:00,3434
2018/3/6,13:00,3545
2018/3/6,14:00,3507
2018/3/6,15:00,3481
2018/3/6,16:00,3553
2018/3/6,17:00,3743
2018/3/6,18:00,3943
2018/3/6,19:00,3876
2018/3/6,20:00,3782
2018/3/6,21:00,3646
2018/3/6,22:00,3490
2018/3/6,23:00,3264
2018/3/7,0:00,3029
2018/3/7,1:00,2916
2018/3/7,2:00,2874
2018/3/7,3:00,2853
2018/3/7,4:00,2882
2018/3/7,5:00,3063
2018/3/7,6:00,3430
2018/3/7,7:00,3710
2018/3/7,8:00,4002
2018/3/7,9:00,4148
2018/3/7,10:00,4094
2018/3/7,11:00,4005
2018/3/7,12:00,3768
2018/3/7,13:00,3895
2018/3/7,14:00,3887
2018/3/7,15:00,3907
2018/3/7,16:00,4022
2018/3/7,17:00,4210
2018/3/7,18:00,4308
2018/3/7,19:00,4208
2018/3/7,20:00,4076
2018/3/7,21:00,3893
2018/3/7,22:00,3667
2018/3/7,23:00,3397
2018/3/8,0:00,3117
2018/3/8,1:00,2974
2018/3/8,2:00,2904
2018/3/8,3:00,2872
2018/3/8,4:00,2896
2018/3/8,5:00,3069
2018/3/8,6:00,3485
2018/3/8,7:00,3877
2018/3/8,8:00,4260
2018/3/8,9:00,4514
2018/3/8,10:00,4521
2018/3/8,11:00,4465
2018/3/8,12:00,4238
2018/3/8,13:00,4374
2018/3/8,14:00,4357
2018/3/8,15:00,4356
2018/3/8,16:00,4417
2018/3/8,17:00,4463
2018/3/8,18:00,4428
2018/3/8,19:00,4263
2018/3/8,20:00,4084
2018/3/8,21:00,3864
2018/3/8,22:00,3638
2018/3/8,23:00,3338
2018/3/9,0:00,3040
2018/3/9,1:00,2891
2018/3/9,2:00,2834
2018/3/9,3:00,2804
2018/3/9,4:00,2815
2018/3/9,5:00,2899
2018/3/9,6:00,3162
2018/3/9,7:00,3442
2018/3/9,8:00,3743
2018/3/9,9:00,3941
2018/3/9,10:00,3955
2018/3/9,11:00,3923
2018/3/9,12:00,3775
2018/3/9,13:00,3911
2018/3/9,14:00,3907
2018/3/9,15:00,3884
2018/3/9,16:00,3937
2018/3/9,17:00,4004
2018/3/9,18:00,4004
2018/3/9,19:00,3880
2018/3/9,20:00,3756
2018/3/9,21:00,3594
2018/3/9,22:00,3445
2018/3/9,23:00,3237
2018/3/10,0:00,3008
2018/3/10,1:00,2885
2018/3/10,2:00,2832
2018/3/10,3:00,2792
2018/3/10,4:00,2790
2018/3/10,5:00,2841
2018/3/10,6:00,2998
2018/3/10,7:00,3232
2018/3/10,8:00,3500
2018/3/10,9:00,3616
2018/3/10,10:00,3600
2018/3/10,11:00,3493
2018/3/10,12:00,3337
2018/3/10,13:00,3309
2018/3/10,14:00,3233
2018/3/10,15:00,3177
2018/3/10,16:00,3229
2018/3/10,17:00,3441
2018/3/10,18:00,3686
2018/3/10,19:00,3671
2018/3/10,20:00,3599
2018/3/10,21:00,3463
2018/3/10,22:00,3285
2018/3/10,23:00,3080
2018/3/11,0:00,2857
2018/3/11,1:00,2729
2018/3/11,2:00,2662
2018/3/11,3:00,2624
2018/3/11,4:00,2610
2018/3/11,5:00,2642
2018/3/11,6:00,2756
2018/3/11,7:00,2939
2018/3/11,8:00,3149
2018/3/11,9:00,3245
2018/3/11,10:00,3186
2018/3/11,11:00,3055
2018/3/11,12:00,2975
2018/3/11,13:00,2884
2018/3/11,14:00,2855
2018/3/11,15:00,2875
2018/3/11,16:00,2936
2018/3/11,17:00,3198
2018/3/11,18:00,3485
2018/3/11,19:00,3501
2018/3/11,20:00,3450
2018/3/11,21:00,3318
2018/3/11,22:00,3131
2018/3/11,23:00,2941
2018/3/12,0:00,2737
2018/3/12,1:00,2643
2018/3/12,2:00,2620
2018/3/12,3:00,2619
2018/3/12,4:00,2680
2018/3/12,5:00,2879
2018/3/12,6:00,3221
2018/3/12,7:00,3413
2018/3/12,8:00,3667
2018/3/12,9:00,3826
2018/3/12,10:00,3790
2018/3/12,11:00,3722
2018/3/12,12:00,3494
2018/3/12,13:00,3563
2018/3/12,14:00,3513
2018/3/12,15:00,3467
2018/3/12,16:00,3517
2018/3/12,17:00,3666
2018/3/12,18:00,3866
2018/3/12,19:00,3797
2018/3/12,20:00,3683
2018/3/12,21:00,3543
2018/3/12,22:00,3371
2018/3/12,23:00,3146
2018/3/13,0:00,2913
2018/3/13,1:00,2801
2018/3/13,2:00,2764
2018/3/13,3:00,2746
2018/3/13,4:00,2799
2018/3/13,5:00,2963
2018/3/13,6:00,3266
2018/3/13,7:00,3443
2018/3/13,8:00,3638
2018/3/13,9:00,3743
2018/3/13,10:00,3691
2018/3/13,11:00,3609
2018/3/13,12:00,3402
2018/3/13,13:00,3500
2018/3/13,14:00,3464
2018/3/13,15:00,3422
2018/3/13,16:00,3444
2018/3/13,17:00,3539
2018/3/13,18:00,3692
2018/3/13,19:00,3610
2018/3/13,20:00,3501
2018/3/13,21:00,3355
2018/3/13,22:00,3203
2018/3/13,23:00,2997
2018/3/14,0:00,2773
2018/3/14,1:00,2673
2018/3/14,2:00,2650
2018/3/14,3:00,2642
2018/3/14,4:00,2679
2018/3/14,5:00,2824
2018/3/14,6:00,3058
2018/3/14,7:00,3196
2018/3/14,8:00,3390
2018/3/14,9:00,3502
2018/3/14,10:00,3474
2018/3/14,11:00,3437
2018/3/14,12:00,3253
2018/3/14,13:00,3378
2018/3/14,14:00,3374
2018/3/14,15:00,3336
2018/3/14,16:00,3336
2018/3/14,17:00,3385
2018/3/14,18:00,3499
2018/3/14,19:00,3404
2018/3/14,20:00,3308
2018/3/14,21:00,3171
2018/3/14,22:00,3044
2018/3/14,23:00,2851
2018/3/15,0:00,2648
2018/3/15,1:00,2557
2018/3/15,2:00,2551
2018/3/15,3:00,2548
2018/3/15,4:00,2580
2018/3/15,5:00,2688
2018/3/15,6:00,2859
2018/3/15,7:00,3036
2018/3/15,8:00,3272
2018/3/15,9:00,3446
2018/3/15,10:00,3434
2018/3/15,11:00,3463
2018/3/15,12:00,3277
2018/3/15,13:00,3333
2018/3/15,14:00,3334
2018/3/15,15:00,3317
2018/3/15,16:00,3328
2018/3/15,17:00,3405
2018/3/15,18:00,3513
2018/3/15,19:00,3404
2018/3/15,20:00,3274
2018/3/15,21:00,3133
2018/3/15,22:00,3011
2018/3/15,23:00,2812
2018/3/16,0:00,2608
2018/3/16,1:00,2516
2018/3/16,2:00,2503
2018/3/16,3:00,2503
2018/3/16,4:00,2522
2018/3/16,5:00,2596
2018/3/16,6:00,2776
2018/3/16,7:00,3008
2018/3/16,8:00,3316
2018/3/16,9:00,3525
2018/3/16,10:00,3535
2018/3/16,11:00,3544
2018/3/16,12:00,3388
2018/3/16,13:00,3509
2018/3/16,14:00,3525
2018/3/16,15:00,3570
2018/3/16,16:00,3664
2018/3/16,17:00,3721
2018/3/16,18:00,3731
2018/3/16,19:00,3636
2018/3/16,20:00,3529
2018/3/16,21:00,3404
2018/3/16,22:00,3284
2018/3/16,23:00,3102
2018/3/17,0:00,2889
2018/3/17,1:00,2782
2018/3/17,2:00,2733
2018/3/17,3:00,2713
2018/3/17,4:00,2722
2018/3/17,5:00,2796
2018/3/17,6:00,2895
2018/3/17,7:00,2987
2018/3/17,8:00,3180
2018/3/17,9:00,3303
2018/3/17,10:00,3293
2018/3/17,11:00,3234
2018/3/17,12:00,3134
2018/3/17,13:00,3120
2018/3/17,14:00,3054
2018/3/17,15:00,3019
2018/3/17,16:00,3074
2018/3/17,17:00,3272
2018/3/17,18:00,3540
2018/3/17,19:00,3536
2018/3/17,20:00,3482
2018/3/17,21:00,3331
2018/3/17,22:00,3164
2018/3/17,23:00,2998
2018/3/18,0:00,2774
2018/3/18,1:00,2652
2018/3/18,2:00,2595
2018/3/18,3:00,2566
2018/3/18,4:00,2563
2018/3/18,5:00,2602
2018/3/18,6:00,2663
2018/3/18,7:00,2774
2018/3/18,8:00,2926
2018/3/18,9:00,3008
2018/3/18,10:00,3000
2018/3/18,11:00,2928
2018/3/18,12:00,2885
2018/3/18,13:00,2870
2018/3/18,14:00,2810
2018/3/18,15:00,2766
2018/3/18,16:00,2830
2018/3/18,17:00,3069
2018/3/18,18:00,3300
2018/3/18,19:00,3293
2018/3/18,20:00,3223
2018/3/18,21:00,3076
2018/3/18,22:00,2900
2018/3/18,23:00,2712
2018/3/19,0:00,2523
2018/3/19,1:00,2437
2018/3/19,2:00,2427
2018/3/19,3:00,2434
2018/3/19,4:00,2485
2018/3/19,5:00,2620
2018/3/19,6:00,2865
2018/3/19,7:00,3154
2018/3/19,8:00,3487
2018/3/19,9:00,3688
2018/3/19,10:00,3676
2018/3/19,11:00,3650
2018/3/19,12:00,3425
2018/3/19,13:00,3538
2018/3/19,14:00,3512
2018/3/19,15:00,3466
2018/3/19,16:00,3529
2018/3/19,17:00,3616
2018/3/19,18:00,3681
2018/3/19,19:00,3564
2018/3/19,20:00,3436
2018/3/19,21:00,3287
2018/3/19,22:00,3140
2018/3/19,23:00,2924
2018/3/20,0:00,2697
2018/3/20,1:00,2597
2018/3/20,2:00,2575
2018/3/20,3:00,2578
2018/3/20,4:00,2606
2018/3/20,5:00,2727
2018/3/20,6:00,3019
2018/3/20,7:00,3364
2018/3/20,8:00,3764
2018/3/20,9:00,4001
2018/3/20,10:00,3990
2018/3/20,11:00,3961
2018/3/20,12:00,3775
2018/3/20,13:00,3887
2018/3/20,14:00,3876
2018/3/20,15:00,3847
2018/3/20,16:00,3892
2018/3/20,17:00,3984
2018/3/20,18:00,4041
2018/3/20,19:00,3918
2018/3/20,20:00,3782
2018/3/20,21:00,3637
2018/3/20,22:00,3471
2018/3/20,23:00,3250
2018/3/21,0:00,3002
2018/3/21,1:00,2871
2018/3/21,2:00,2797
2018/3/21,3:00,2775
2018/3/21,4:00,2779
2018/3/21,5:00,2850
2018/3/21,6:00,3038
2018/3/21,7:00,3334
2018/3/21,8:00,3787
2018/3/21,9:00,4099
2018/3/21,10:00,4210
2018/3/21,11:00,4258
2018/3/21,12:00,4199
2018/3/21,13:00,4242
2018/3/21,14:00,4207
2018/3/21,15:00,4197
2018/3/21,16:00,4264
2018/3/21,17:00,4375
2018/3/21,18:00,4438
2018/3/21,19:00,4338
2018/3/21,20:00,4210
2018/3/21,21:00,3980
2018/3/21,22:00,3712
2018/3/21,23:00,3433
2018/3/22,0:00,3139
2018/3/22,1:00,2979
2018/3/22,2:00,2900
2018/3/22,3:00,2861
2018/3/22,4:00,2874
2018/3/22,5:00,3017
2018/3/22,6:00,3343
2018/3/22,7:00,3657
2018/3/22,8:00,4036
2018/3/22,9:00,4186
2018/3/22,10:00,4094
2018/3/22,11:00,4021
2018/3/22,12:00,3791
2018/3/22,13:00,3813
2018/3/22,14:00,3713
2018/3/22,15:00,3601
2018/3/22,16:00,3611
2018/3/22,17:00,3715
2018/3/22,18:00,3861
2018/3/22,19:00,3781
2018/3/22,20:00,3662
2018/3/22,21:00,3497
2018/3/22,22:00,3324
2018/3/22,23:00,3089
2018/3/23,0:00,2830
2018/3/23,1:00,2693
2018/3/23,2:00,2651
2018/3/23,3:00,2637
2018/3/23,4:00,2657
2018/3/23,5:00,2779
2018/3/23,6:00,3046
2018/3/23,7:00,3320
2018/3/23,8:00,3615
2018/3/23,9:00,3719
2018/3/23,10:00,3665
2018/3/23,11:00,3598
2018/3/23,12:00,3388
2018/3/23,13:00,3482
2018/3/23,14:00,3428
2018/3/23,15:00,3405
2018/3/23,16:00,3456
2018/3/23,17:00,3528
2018/3/23,18:00,3669
2018/3/23,19:00,3593
2018/3/23,20:00,3489
2018/3/23,21:00,3359
2018/3/23,22:00,3231
2018/3/23,23:00,3046
2018/3/24,0:00,2810
2018/3/24,1:00,2689
2018/3/24,2:00,2636
2018/3/24,3:00,2617
2018/3/24,4:00,2624
2018/3/24,5:00,2673
2018/3/24,6:00,2747
2018/3/24,7:00,2869
2018/3/24,8:00,3078
2018/3/24,9:00,3192
2018/3/24,10:00,3203
2018/3/24,11:00,3166
2018/3/24,12:00,3036
2018/3/24,13:00,3039
2018/3/24,14:00,3007
2018/3/24,15:00,2962
2018/3/24,16:00,2988
2018/3/24,17:00,3145
2018/3/24,18:00,3354
2018/3/24,19:00,3324
2018/3/24,20:00,3247
2018/3/24,21:00,3102
2018/3/24,22:00,2954
2018/3/24,23:00,2787
2018/3/25,0:00,2599
2018/3/25,1:00,2497
2018/3/25,2:00,2473
2018/3/25,3:00,2466
2018/3/25,4:00,2468
2018/3/25,5:00,2505
2018/3/25,6:00,2521
2018/3/25,7:00,2597
2018/3/25,8:00,2727
2018/3/25,9:00,2815
2018/3/25,10:00,2818
2018/3/25,11:00,2787
2018/3/25,12:00,2753
2018/3/25,13:00,2696
2018/3/25,14:00,2640
2018/3/25,15:00,2630
2018/3/25,16:00,2680
2018/3/25,17:00,2860
2018/3/25,18:00,3134
2018/3/25,19:00,3144
2018/3/25,20:00,3092
2018/3/25,21:00,2980
2018/3/25,22:00,2816
2018/3/25,23:00,2638
2018/3/26,0:00,2468
2018/3/26,1:00,2379
2018/3/26,2:00,2380
2018/3/26,3:00,2390
2018/3/26,4:00,2436
2018/3/26,5:00,2573
2018/3/26,6:00,2757
2018/3/26,7:00,2937
2018/3/26,8:00,3225
2018/3/26,9:00,3393
2018/3/26,10:00,3388
2018/3/26,11:00,3371
2018/3/26,12:00,3201
2018/3/26,13:00,3282
2018/3/26,14:00,3255
2018/3/26,15:00,3222
2018/3/26,16:00,3240
2018/3/26,17:00,3281
2018/3/26,18:00,3423
2018/3/26,19:00,3342
2018/3/26,20:00,3222
2018/3/26,21:00,3098
2018/3/26,22:00,2974
2018/3/26,23:00,2790
2018/3/27,0:00,2584
2018/3/27,1:00,2487
2018/3/27,2:00,2479
2018/3/27,3:00,2477
2018/3/27,4:00,2509
2018/3/27,5:00,2594
2018/3/27,6:00,2727
2018/3/27,7:00,2889
2018/3/27,8:00,3146
2018/3/27,9:00,3327
2018/3/27,10:00,3362
2018/3/27,11:00,3351
2018/3/27,12:00,3199
2018/3/27,13:00,3346
2018/3/27,14:00,3310
2018/3/27,15:00,3231
2018/3/27,16:00,3214
2018/3/27,17:00,3278
2018/3/27,18:00,3397
2018/3/27,19:00,3307
2018/3/27,20:00,3186
2018/3/27,21:00,3057
2018/3/27,22:00,2937
2018/3/27,23:00,2749
2018/3/28,0:00,2546
2018/3/28,1:00,2458
2018/3/28,2:00,2441
2018/3/28,3:00,2442
2018/3/28,4:00,2460
2018/3/28,5:00,2529
2018/3/28,6:00,2641
2018/3/28,7:00,2815
2018/3/28,8:00,3076
2018/3/28,9:00,3265
2018/3/28,10:00,3295
2018/3/28,11:00,3307
2018/3/28,12:00,3154
2018/3/28,13:00,3280
2018/3/28,14:00,3267
2018/3/28,15:00,3234
2018/3/28,16:00,3232
2018/3/28,17:00,3229
2018/3/28,18:00,3339
2018/3/28,19:00,3244
2018/3/28,20:00,3121
2018/3/28,21:00,2991
2018/3/28,22:00,2868
2018/3/28,23:00,2697
2018/3/29,0:00,2506
2018/3/29,1:00,2419
2018/3/29,2:00,2411
2018/3/29,3:00,2425
2018/3/29,4:00,2441
2018/3/29,5:00,2488
2018/3/29,6:00,2583
2018/3/29,7:00,2761
2018/3/29,8:00,3030
2018/3/29,9:00,3226
2018/3/29,10:00,3277
2018/3/29,11:00,3303
2018/3/29,12:00,3165
2018/3/29,13:00,3295
2018/3/29,14:00,3292
2018/3/29,15:00,3264
2018/3/29,16:00,3243
2018/3/29,17:00,3237
2018/3/29,18:00,3347
2018/3/29,19:00,3249
2018/3/29,20:00,3109
2018/3/29,21:00,2973
2018/3/29,22:00,2839
2018/3/29,23:00,2664
2018/3/30,0:00,2477
2018/3/30,1:00,2380
2018/3/30,2:00,2370
2018/3/30,3:00,2377
2018/3/30,4:00,2395
2018/3/30,5:00,2464
2018/3/30,6:00,2578
2018/3/30,7:00,2732
2018/3/30,8:00,2990
2018/3/30,9:00,3178
2018/3/30,10:00,3227
2018/3/30,11:00,3219
2018/3/30,12:00,3066
2018/3/30,13:00,3157
2018/3/30,14:00,3130
2018/3/30,15:00,3114
2018/3/30,16:00,3130
2018/3/30,17:00,3163
2018/3/30,18:00,3311
2018/3/30,19:00,3250
2018/3/30,20:00,3151
2018/3/30,21:00,3031
2018/3/30,22:00,2935
2018/3/30,23:00,2772
2018/3/31,0:00,2577
2018/3/31,1:00,2473
2018/3/31,2:00,2451
2018/3/31,3:00,2446
2018/3/31,4:00,2447
2018/3/31,5:00,2466
2018/3/31,6:00,2483
2018/3/31,7:00,2570
2018/3/31,8:00,2764
2018/3/31,9:00,2884
2018/3/31,10:00,2903
2018/3/31,11:00,2898
2018/3/31,12:00,2813
2018/3/31,13:00,2820
2018/3/31,14:00,2788
2018/3/31,15:00,2765
2018/3/31,16:00,2791
2018/3/31,17:00,2876
2018/3/31,18:00,3085
2018/3/31,19:00,3073
2018/3/31,20:00,3000
2018/3/31,21:00,2858
2018/3/31,22:00,2722
2018/3/31,23:00,2574
2018/4/1,0:00,2419
2018/4/1,1:00,2332
2018/4/1,2:00,2319
2018/4/1,3:00,2323
2018/4/1,4:00,2322
2018/4/1,5:00,2325
2018/4/1,6:00,2300
2018/4/1,7:00,2371
2018/4/1,8:00,2525
2018/4/1,9:00,2625
2018/4/1,10:00,2677
2018/4/1,11:00,2675
2018/4/1,12:00,2652
2018/4/1,13:00,2627
2018/4/1,14:00,2619
2018/4/1,15:00,2605
2018/4/1,16:00,2632
2018/4/1,17:00,2793
2018/4/1,18:00,3013
2018/4/1,19:00,3003
2018/4/1,20:00,2923
2018/4/1,21:00,2799
2018/4/1,22:00,2642
2018/4/1,23:00,2481
2018/4/2,0:00,2334
2018/4/2,1:00,2254
2018/4/2,2:00,2258
2018/4/2,3:00,2279
2018/4/2,4:00,2312
2018/4/2,5:00,2383
2018/4/2,6:00,2513
2018/4/2,7:00,2718
2018/4/2,8:00,3005
2018/4/2,9:00,3253
2018/4/2,10:00,3310
2018/4/2,11:00,3338
2018/4/2,12:00,3201
2018/4/2,13:00,3286
2018/4/2,14:00,3306
2018/4/2,15:00,3280
2018/4/2,16:00,3264
2018/4/2,17:00,3261
2018/4/2,18:00,3369
2018/4/2,19:00,3272
2018/4/2,20:00,3139
2018/4/2,21:00,2998
2018/4/2,22:00,2882
2018/4/2,23:00,2704
2018/4/3,0:00,2503
2018/4/3,1:00,2410
2018/4/3,2:00,2402
2018/4/3,3:00,2420
2018/4/3,4:00,2445
2018/4/3,5:00,2508
2018/4/3,6:00,2625
2018/4/3,7:00,2839
2018/4/3,8:00,3124
2018/4/3,9:00,3318
2018/4/3,10:00,3376
2018/4/3,11:00,3396
2018/4/3,12:00,3254
2018/4/3,13:00,3401
2018/4/3,14:00,3403
2018/4/3,15:00,3368
2018/4/3,16:00,3356
2018/4/3,17:00,3339
2018/4/3,18:00,3448
2018/4/3,19:00,3347
2018/4/3,20:00,3197
2018/4/3,21:00,3049
2018/4/3,22:00,2921
2018/4/3,23:00,2731
2018/4/4,0:00,2532
2018/4/4,1:00,2427
2018/4/4,2:00,2414
2018/4/4,3:00,2419
2018/4/4,4:00,2432
2018/4/4,5:00,2462
2018/4/4,6:00,2555
2018/4/4,7:00,2767
2018/4/4,8:00,3069
2018/4/4,9:00,3310
2018/4/4,10:00,3391
2018/4/4,11:00,3422
2018/4/4,12:00,3280
2018/4/4,13:00,3427
2018/4/4,14:00,3452
2018/4/4,15:00,3422
2018/4/4,16:00,3381
2018/4/4,17:00,3341
2018/4/4,18:00,3427
2018/4/4,19:00,3328
2018/4/4,20:00,3161
2018/4/4,21:00,2998
2018/4/4,22:00,2858
2018/4/4,23:00,2676
2018/4/5,0:00,2503
2018/4/5,1:00,2398
2018/4/5,2:00,2385
2018/4/5,3:00,2405
2018/4/5,4:00,2431
2018/4/5,5:00,2472
2018/4/5,6:00,2598
2018/4/5,7:00,2805
2018/4/5,8:00,3107
2018/4/5,9:00,3306
2018/4/5,10:00,3347
2018/4/5,11:00,3356
2018/4/5,12:00,3212
2018/4/5,13:00,3309
2018/4/5,14:00,3312
2018/4/5,15:00,3323
2018/4/5,16:00,3396
2018/4/5,17:00,3474
2018/4/5,18:00,3507
2018/4/5,19:00,3395
2018/4/5,20:00,3261
2018/4/5,21:00,3098
2018/4/5,22:00,2960
2018/4/5,23:00,2767
2018/4/6,0:00,2566
2018/4/6,1:00,2454
2018/4/6,2:00,2442
2018/4/6,3:00,2466
2018/4/6,4:00,2482
2018/4/6,5:00,2533
2018/4/6,6:00,2681
2018/4/6,7:00,2878
2018/4/6,8:00,3125
2018/4/6,9:00,3356
2018/4/6,10:00,3408
2018/4/6,11:00,3393
2018/4/6,12:00,3254
2018/4/6,13:00,3322
2018/4/6,14:00,3274
2018/4/6,15:00,3284
2018/4/6,16:00,3339
2018/4/6,17:00,3355
2018/4/6,18:00,3401
2018/4/6,19:00,3291
2018/4/6,20:00,3156
2018/4/6,21:00,3033
2018/4/6,22:00,2954
2018/4/6,23:00,2781
2018/4/7,0:00,2600
2018/4/7,1:00,2487
2018/4/7,2:00,2454
2018/4/7,3:00,2445
2018/4/7,4:00,2425
2018/4/7,5:00,2391
2018/4/7,6:00,2402
2018/4/7,7:00,2550
2018/4/7,8:00,2789
2018/4/7,9:00,3000
2018/4/7,10:00,3042
2018/4/7,11:00,2978
2018/4/7,12:00,2952
2018/4/7,13:00,2910
2018/4/7,14:00,2867
2018/4/7,15:00,2878
2018/4/7,16:00,2894
2018/4/7,17:00,2993
2018/4/7,18:00,3167
2018/4/7,19:00,3137
2018/4/7,20:00,3046
2018/4/7,21:00,2910
2018/4/7,22:00,2770
2018/4/7,23:00,2624
2018/4/8,0:00,2460
2018/4/8,1:00,2366
2018/4/8,2:00,2353
2018/4/8,3:00,2360
2018/4/8,4:00,2372
2018/4/8,5:00,2370
2018/4/8,6:00,2355
2018/4/8,7:00,2408
2018/4/8,8:00,2553
2018/4/8,9:00,2679
2018/4/8,10:00,2745
2018/4/8,11:00,2727
2018/4/8,12:00,2705
2018/4/8,13:00,2676
2018/4/8,14:00,2626
2018/4/8,15:00,2627
2018/4/8,16:00,2667
2018/4/8,17:00,2840
2018/4/8,18:00,3106
2018/4/8,19:00,3127
2018/4/8,20:00,3056
2018/4/8,21:00,2926
2018/4/8,22:00,2758
2018/4/8,23:00,2596
2018/4/9,0:00,2415
2018/4/9,1:00,2331
2018/4/9,2:00,2343
2018/4/9,3:00,2367
2018/4/9,4:00,2426
2018/4/9,5:00,2529
2018/4/9,6:00,2720
2018/4/9,7:00,2889
2018/4/9,8:00,3143
2018/4/9,9:00,3328
2018/4/9,10:00,3379
2018/4/9,11:00,3392
2018/4/9,12:00,3245
2018/4/9,13:00,3353
2018/4/9,14:00,3332
2018/4/9,15:00,3283
2018/4/9,16:00,3271
2018/4/9,17:00,3299
2018/4/9,18:00,3461
2018/4/9,19:00,3399
2018/4/9,20:00,3276
2018/4/9,21:00,3138
2018/4/9,22:00,3024
2018/4/9,23:00,2828
2018/4/10,0:00,2638
2018/4/10,1:00,2530
2018/4/10,2:00,2525
2018/4/10,3:00,2551
2018/4/10,4:00,2579
2018/4/10,5:00,2654
2018/4/10,6:00,2801
2018/4/10,7:00,2918
2018/4/10,8:00,3140
2018/4/10,9:00,3323
2018/4/10,10:00,3358
2018/4/10,11:00,3361
2018/4/10,12:00,3193
2018/4/10,13:00,3307
2018/4/10,14:00,3289
2018/4/10,15:00,3256
2018/4/10,16:00,3265
2018/4/10,17:00,3289
2018/4/10,18:00,3446
2018/4/10,19:00,3385
2018/4/10,20:00,3266
2018/4/10,21:00,3109
2018/4/10,22:00,2977
2018/4/10,23:00,2788
2018/4/11,0:00,2584
2018/4/11,1:00,2477
2018/4/11,2:00,2467
2018/4/11,3:00,2477
2018/4/11,4:00,2494
2018/4/11,5:00,2561
2018/4/11,6:00,2739
2018/4/11,7:00,2958
2018/4/11,8:00,3210
2018/4/11,9:00,3460
2018/4/11,10:00,3441
2018/4/11,11:00,3385
2018/4/11,12:00,3272
2018/4/11,13:00,3382
2018/4/11,14:00,3402
2018/4/11,15:00,3351
2018/4/11,16:00,3330
2018/4/11,17:00,3335
2018/4/11,18:00,3440
2018/4/11,19:00,3358
2018/4/11,20:00,3226
2018/4/11,21:00,3065
2018/4/11,22:00,2945
2018/4/11,23:00,2757
2018/4/12,0:00,2555
2018/4/12,1:00,2450
2018/4/12,2:00,2437
2018/4/12,3:00,2453
2018/4/12,4:00,2469
2018/4/12,5:00,2491
2018/4/12,6:00,2623
2018/4/12,7:00,2834
2018/4/12,8:00,3125
2018/4/12,9:00,3359
2018/4/12,10:00,3373
2018/4/12,11:00,3411
2018/4/12,12:00,3282
2018/4/12,13:00,3440
2018/4/12,14:00,3420
2018/4/12,15:00,3362
2018/4/12,16:00,3324
2018/4/12,17:00,3304
2018/4/12,18:00,3403
2018/4/12,19:00,3310
2018/4/12,20:00,3161
2018/4/12,21:00,3013
2018/4/12,22:00,2905
2018/4/12,23:00,2726
2018/4/13,0:00,2549
2018/4/13,1:00,2452
2018/4/13,2:00,2434
2018/4/13,3:00,2446
2018/4/13,4:00,2476
2018/4/13,5:00,2521
2018/4/13,6:00,2654
2018/4/13,7:00,2821
2018/4/13,8:00,3072
2018/4/13,9:00,3296
2018/4/13,10:00,3347
2018/4/13,11:00,3345
2018/4/13,12:00,3193
2018/4/13,13:00,3314
2018/4/13,14:00,3285
2018/4/13,15:00,3250
2018/4/13,16:00,3229
2018/4/13,17:00,3220
2018/4/13,18:00,3343
2018/4/13,19:00,3291
2018/4/13,20:00,3164
2018/4/13,21:00,3019
2018/4/13,22:00,2935
2018/4/13,23:00,2771
2018/4/14,0:00,2588
2018/4/14,1:00,2478
2018/4/14,2:00,2453
2018/4/14,3:00,2441
2018/4/14,4:00,2451
2018/4/14,5:00,2443
2018/4/14,6:00,2502
2018/4/14,7:00,2689
2018/4/14,8:00,2922
2018/4/14,9:00,3011
2018/4/14,10:00,3007
2018/4/14,11:00,3023
2018/4/14,12:00,2955
2018/4/14,13:00,2918
2018/4/14,14:00,2904
2018/4/14,15:00,2920
2018/4/14,16:00,2996
2018/4/14,17:00,3099
2018/4/14,18:00,3204
2018/4/14,19:00,3149
2018/4/14,20:00,3040
2018/4/14,21:00,2880
2018/4/14,22:00,2724
2018/4/14,23:00,2578
2018/4/15,0:00,2404
2018/4/15,1:00,2308
2018/4/15,2:00,2298
2018/4/15,3:00,2310
2018/4/15,4:00,2300
2018/4/15,5:00,2299
2018/4/15,6:00,2338
2018/4/15,7:00,2487
2018/4/15,8:00,2672
2018/4/15,9:00,2796
2018/4/15,10:00,2807
2018/4/15,11:00,2808
2018/4/15,12:00,2805
2018/4/15,13:00,2752
2018/4/15,14:00,2655
2018/4/15,15:00,2679
2018/4/15,16:00,2717
2018/4/15,17:00,2850
2018/4/15,18:00,3050
2018/4/15,19:00,3042
2018/4/15,20:00,2945
2018/4/15,21:00,2818
2018/4/15,22:00,2672
2018/4/15,23:00,2509
2018/4/16,0:00,2347
2018/4/16,1:00,2264
2018/4/16,2:00,2278
2018/4/16,3:00,2301
2018/4/16,4:00,2348
2018/4/16,5:00,2420
2018/4/16,6:00,2591
2018/4/16,7:00,2786
2018/4/16,8:00,3057
2018/4/16,9:00,3255
2018/4/16,10:00,3313
2018/4/16,11:00,3329
2018/4/16,12:00,3182
2018/4/16,13:00,3282
2018/4/16,14:00,3276
2018/4/16,15:00,3256
2018/4/16,16:00,3272
2018/4/16,17:00,3283
2018/4/16,18:00,3417
2018/4/16,19:00,3361
2018/4/16,20:00,3232
2018/4/16,21:00,3080
2018/4/16,22:00,2955
2018/4/16,23:00,2758
2018/4/17,0:00,2558
2018/4/17,1:00,2449
2018/4/17,2:00,2439
2018/4/17,3:00,2457
2018/4/17,4:00,2475
2018/4/17,5:00,2540
2018/4/17,6:00,2724
2018/4/17,7:00,2930
2018/4/17,8:00,3247
2018/4/17,9:00,3474
2018/4/17,10:00,3510
2018/4/17,11:00,3530
2018/4/17,12:00,3350
2018/4/17,13:00,3457
2018/4/17,14:00,3462
2018/4/17,15:00,3473
2018/4/17,16:00,3561
2018/4/17,17:00,3603
2018/4/17,18:00,3638
2018/4/17,19:00,3525
2018/4/17,20:00,3383
2018/4/17,21:00,3217
2018/4/17,22:00,3065
2018/4/17,23:00,2852
2018/4/18,0:00,2629
2018/4/18,1:00,2516
2018/4/18,2:00,2493
2018/4/18,3:00,2514
2018/4/18,4:00,2543
2018/4/18,5:00,2619
2018/4/18,6:00,2838
2018/4/18,7:00,3113
2018/4/18,8:00,3411
2018/4/18,9:00,3580
2018/4/18,10:00,3606
2018/4/18,11:00,3556
2018/4/18,12:00,3288
2018/4/18,13:00,3405
2018/4/18,14:00,3386
2018/4/18,15:00,3358
2018/4/18,16:00,3354
2018/4/18,17:00,3332
2018/4/18,18:00,3453
2018/4/18,19:00,3413
2018/4/18,20:00,3292
2018/4/18,21:00,3138
2018/4/18,22:00,3024
2018/4/18,23:00,2815
2018/4/19,0:00,2603
2018/4/19,1:00,2488
2018/4/19,2:00,2468
2018/4/19,3:00,2480
2018/4/19,4:00,2511
2018/4/19,5:00,2560
2018/4/19,6:00,2708
2018/4/19,7:00,2866
2018/4/19,8:00,3112
2018/4/19,9:00,3316
2018/4/19,10:00,3371
2018/4/19,11:00,3379
2018/4/19,12:00,3224
2018/4/19,13:00,3342
2018/4/19,14:00,3340
2018/4/19,15:00,3304
2018/4/19,16:00,3316
2018/4/19,17:00,3291
2018/4/19,18:00,3401
2018/4/19,19:00,3343
2018/4/19,20:00,3215
2018/4/19,21:00,3066
2018/4/19,22:00,2951
2018/4/19,23:00,2764
2018/4/20,0:00,2566
2018/4/20,1:00,2458
2018/4/20,2:00,2436
2018/4/20,3:00,2446
2018/4/20,4:00,2473
2018/4/20,5:00,2496
2018/4/20,6:00,2619
2018/4/20,7:00,2797
2018/4/20,8:00,3067
2018/4/20,9:00,3282
2018/4/20,10:00,3351
2018/4/20,11:00,3387
2018/4/20,12:00,3235
2018/4/20,13:00,3375
2018/4/20,14:00,3382
2018/4/20,15:00,3363
2018/4/20,16:00,3355
2018/4/20,17:00,3283
2018/4/20,18:00,3359
2018/4/20,19:00,3290
2018/4/20,20:00,3145
2018/4/20,21:00,2995
2018/4/20,22:00,2893
2018/4/20,23:00,2712
2018/4/21,0:00,2525
2018/4/21,1:00,2428
2018/4/21,2:00,2414
2018/4/21,3:00,2416
2018/4/21,4:00,2410
2018/4/21,5:00,2365
2018/4/21,6:00,2383
2018/4/21,7:00,2489
2018/4/21,8:00,2713
2018/4/21,9:00,2898
2018/4/21,10:00,2983
2018/4/21,11:00,3018
2018/4/21,12:00,2968
2018/4/21,13:00,2998
2018/4/21,14:00,2978
2018/4/21,15:00,2953
2018/4/21,16:00,2959
2018/4/21,17:00,2966
2018/4/21,18:00,3100
2018/4/21,19:00,3089
2018/4/21,20:00,2982
2018/4/21,21:00,2831
2018/4/21,22:00,2673
2018/4/21,23:00,2527
2018/4/22,0:00,2365
2018/4/22,1:00,2266
2018/4/22,2:00,2253
2018/4/22,3:00,2277
2018/4/22,4:00,2278
2018/4/22,5:00,2218
2018/4/22,6:00,2204
2018/4/22,7:00,2289
2018/4/22,8:00,2470
2018/4/22,9:00,2648
2018/4/22,10:00,2752
2018/4/22,11:00,2810
2018/4/22,12:00,2824
2018/4/22,13:00,2828
2018/4/22,14:00,2832
2018/4/22,15:00,2834
2018/4/22,16:00,2842
2018/4/22,17:00,2891
2018/4/22,18:00,3066
2018/4/22,19:00,3063
2018/4/22,20:00,2953
2018/4/22,21:00,2800
2018/4/22,22:00,2627
2018/4/22,23:00,2470
2018/4/23,0:00,2309
2018/4/23,1:00,2216
2018/4/23,2:00,2206
2018/4/23,3:00,2232
2018/4/23,4:00,2260
2018/4/23,5:00,2312
2018/4/23,6:00,2500
2018/4/23,7:00,2780
2018/4/23,8:00,3093
2018/4/23,9:00,3277
2018/4/23,10:00,3327
2018/4/23,11:00,3347
2018/4/23,12:00,3218
2018/4/23,13:00,3345
2018/4/23,14:00,3329
2018/4/23,15:00,3310
2018/4/23,16:00,3358
2018/4/23,17:00,3403
2018/4/23,18:00,3438
2018/4/23,19:00,3323
2018/4/23,20:00,3158
2018/4/23,21:00,3006
2018/4/23,22:00,2871
2018/4/23,23:00,2696
2018/4/24,0:00,2493
2018/4/24,1:00,2386
2018/4/24,2:00,2381
2018/4/24,3:00,2395
2018/4/24,4:00,2411
2018/4/24,5:00,2458
2018/4/24,6:00,2638
2018/4/24,7:00,2864
2018/4/24,8:00,3159
2018/4/24,9:00,3389
2018/4/24,10:00,3459
2018/4/24,11:00,3448
2018/4/24,12:00,3254
2018/4/24,13:00,3383
2018/4/24,14:00,3382
2018/4/24,15:00,3346
2018/4/24,16:00,3396
2018/4/24,17:00,3431
2018/4/24,18:00,3478
2018/4/24,19:00,3362
2018/4/24,20:00,3207
2018/4/24,21:00,3043
2018/4/24,22:00,2906
2018/4/24,23:00,2721
2018/4/25,0:00,2517
2018/4/25,1:00,2409
2018/4/25,2:00,2390
2018/4/25,3:00,2404
2018/4/25,4:00,2425
2018/4/25,5:00,2476
2018/4/25,6:00,2677
2018/4/25,7:00,2957
2018/4/25,8:00,3297
2018/4/25,9:00,3565
2018/4/25,10:00,3575
2018/4/25,11:00,3509
2018/4/25,12:00,3252
2018/4/25,13:00,3370
2018/4/25,14:00,3414
2018/4/25,15:00,3427
2018/4/25,16:00,3448
2018/4/25,17:00,3394
2018/4/25,18:00,3455
2018/4/25,19:00,3374
2018/4/25,20:00,3216
2018/4/25,21:00,3043
2018/4/25,22:00,2918
2018/4/25,23:00,2714
2018/4/26,0:00,2504
2018/4/26,1:00,2389
2018/4/26,2:00,2378
2018/4/26,3:00,2386
2018/4/26,4:00,2404
2018/4/26,5:00,2410
2018/4/26,6:00,2529
2018/4/26,7:00,2718
2018/4/26,8:00,3002
2018/4/26,9:00,3227
2018/4/26,10:00,3311
2018/4/26,11:00,3342
2018/4/26,12:00,3199
2018/4/26,13:00,3333
2018/4/26,14:00,3349
2018/4/26,15:00,3315
2018/4/26,16:00,3273
2018/4/26,17:00,3236
2018/4/26,18:00,3343
2018/4/26,19:00,3284
2018/4/26,20:00,3133
2018/4/26,21:00,2974
2018/4/26,22:00,2851
2018/4/26,23:00,2681
2018/4/27,0:00,2490
2018/4/27,1:00,2368
2018/4/27,2:00,2348
2018/4/27,3:00,2367
2018/4/27,4:00,2388
2018/4/27,5:00,2399
2018/4/27,6:00,2500
2018/4/27,7:00,2692
2018/4/27,8:00,3009
2018/4/27,9:00,3248
2018/4/27,10:00,3348
2018/4/27,11:00,3325
2018/4/27,12:00,3178
2018/4/27,13:00,3269
2018/4/27,14:00,3238
2018/4/27,15:00,3157
2018/4/27,16:00,3163
2018/4/27,17:00,3160
2018/4/27,18:00,3246
2018/4/27,19:00,3197
2018/4/27,20:00,3062
2018/4/27,21:00,2911
2018/4/27,22:00,2791
2018/4/27,23:00,2614
2018/4/28,0:00,2438
2018/4/28,1:00,2325
2018/4/28,2:00,2297
2018/4/28,3:00,2308
2018/4/28,4:00,2299
2018/4/28,5:00,2252
2018/4/28,6:00,2264
2018/4/28,7:00,2373
2018/4/28,8:00,2580
2018/4/28,9:00,2766
2018/4/28,10:00,2848
2018/4/28,11:00,2882
2018/4/28,12:00,2836
2018/4/28,13:00,2864
2018/4/28,14:00,2847
2018/4/28,15:00,2816
2018/4/28,16:00,2823
2018/4/28,17:00,2818
2018/4/28,18:00,2954
2018/4/28,19:00,2964
2018/4/28,20:00,2858
2018/4/28,21:00,2703
2018/4/28,22:00,2566
2018/4/28,23:00,2432
2018/4/29,0:00,2269
2018/4/29,1:00,2173
2018/4/29,2:00,2156
2018/4/29,3:00,2168
2018/4/29,4:00,2165
2018/4/29,5:00,2112
2018/4/29,6:00,2106
2018/4/29,7:00,2193
2018/4/29,8:00,2346
2018/4/29,9:00,2498
2018/4/29,10:00,2582
2018/4/29,11:00,2618
2018/4/29,12:00,2618
2018/4/29,13:00,2605
2018/4/29,14:00,2585
2018/4/29,15:00,2584
2018/4/29,16:00,2614
2018/4/29,17:00,2683
2018/4/29,18:00,2859
2018/4/29,19:00,2881
2018/4/29,20:00,2779
2018/4/29,21:00,2636
2018/4/29,22:00,2495
2018/4/29,23:00,2354
2018/4/30,0:00,2202
2018/4/30,1:00,2104
2018/4/30,2:00,2100
2018/4/30,3:00,2121
2018/4/30,4:00,2132
2018/4/30,5:00,2083
2018/4/30,6:00,2108
2018/4/30,7:00,2244
2018/4/30,8:00,2474
2018/4/30,9:00,2675
2018/4/30,10:00,2781
2018/4/30,11:00,2794
2018/4/30,12:00,2787
2018/4/30,13:00,2824
2018/4/30,14:00,2781
2018/4/30,15:00,2741
2018/4/30,16:00,2731
2018/4/30,17:00,2798
2018/4/30,18:00,2979
2018/4/30,19:00,2975
2018/4/30,20:00,2869
2018/4/30,21:00,2719
2018/4/30,22:00,2563
2018/4/30,23:00,2407
2018/5/1,0:00,2243
2018/5/1,1:00,2149
2018/5/1,2:00,2138
2018/5/1,3:00,2159
2018/5/1,4:00,2176
2018/5/1,5:00,2163
2018/5/1,6:00,2276
2018/5/1,7:00,2485
2018/5/1,8:00,2797
2018/5/1,9:00,3054
2018/5/1,10:00,3174
2018/5/1,11:00,3243
2018/5/1,12:00,3189
2018/5/1,13:00,3307
2018/5/1,14:00,3302
2018/5/1,15:00,3251
2018/5/1,16:00,3241
2018/5/1,17:00,3185
2018/5/1,18:00,3251
2018/5/1,19:00,3196
2018/5/1,20:00,3022
2018/5/1,21:00,2833
2018/5/1,22:00,2662
2018/5/1,23:00,2492
2018/5/2,0:00,2296
2018/5/2,1:00,2187
2018/5/2,2:00,2174
2018/5/2,3:00,2188
2018/5/2,4:00,2205
2018/5/2,5:00,2182
2018/5/2,6:00,2305
2018/5/2,7:00,2539
2018/5/2,8:00,2869
2018/5/2,9:00,3095
2018/5/2,10:00,3164
2018/5/2,11:00,3168
2018/5/2,12:00,3080
2018/5/2,13:00,3151
2018/5/2,14:00,3150
2018/5/2,15:00,3075
2018/5/2,16:00,3087
2018/5/2,17:00,3124
2018/5/2,18:00,3155
2018/5/2,19:00,3068
2018/5/2,20:00,2930
2018/5/2,21:00,2756
2018/5/2,22:00,2609
2018/5/2,23:00,2454